artist_id,artist_name
1,AWOL
6,Kurt Vile
54,Alec K. Redfearn & the Eyesores
56,Amoebic Ensemble
60,Arc and Sender
62,Argumentix
127,Ed Askew
66,Au
68,Bad News Bats
73,Banana Clipz
74,Barnacled
80,Bird Names
81,Black Elk
84,Blah Blah Blah
86,Blanketship
89,Boogie Witch
90,Borful Tang
97,Cantonement Jazz Band
98,Celesteville
100,Chandeliers
101,Charles Manson
102,Chief Boima
105,Cinwaves
106,Clockcleaner
107,Clyde Rourke
108,CoCoComa
111,DJ's of Mass Destruction
122,Dora Bleu
123,Double Dagger
124,Dragging an Ox Through Water
128,El Jesus De Magico
133,Ethan Persoff
136,Fanatic
137,Flying Luttenbachers
138,Food For Animals
142,The Functional Blackouts
143,Fursaxa
144,Fuzz Unlimited
149,Glove Compartment
151,Guinea Worms
153,Hall Of Fame
155,Hecuba
156,Here Comes A Big Black Cloud!!
158,Heroin UK
159,Holzkopf
161,Human Host
162,Hutzl Ukranian Ensemble
164,I Am the Liquor
167,Illusion of Safety
169,Impediments
174,Jason Willett
175,Jad Fair and Jason Willett
180,King Kong Ding Dong
181,Knit Witch
182,Kowloon Walled City
183,Kyle Bruckmann
184,Kyle Bruckmann's Wrack
186,Lazy Magnet
191,Liquorball
192,Little Howlin' Wolf
193,LO MOdA
194,Lop
195,Lovely Little Girls
197,Lozenge
198,Lungs Of A Giant
199,M. Nguyen Van Minh-Con
201,Mahjongg
203,Mary Halvorson and Weasel Walter
205,Mayor Daley
208,Mike Rep and the Quotas
209,Mincemeat or Tenspeed
210,Mink Lungs
211,Minmae
212,Monoshock
214,Mors Ontologica
215,Mount Eerie
217,Mountain High
220,Muraghu
221,Necropolis
223,Newagehillbilly
224,Nicky Andrews
228,Oh My God
230,Olneyville Sound System
232,Padna
234,Patrick J. Touhey
238,Phallic Suns
239,Pierced Arrows
240,Plastic Crimewave Sound
241,Pleasurehorse
244,Ponytail
247,Quasar Wut-Wut
248,Qulfus
249,Rainbro
254,Rick Weaver / The Ruined Frame
256,Rok/Paper/Disco
257,RoMak and the Space Pirates
259,Samara Lubelski
263,Sir Lord Von Raven
265,Six Star General
267,Snacks
268,Snake Apartment
269,So Cow
271,Softboiled Eggies
273,Solomonoff and Von Hoffmannstahl
1259,The Sounds of Taraab
275,Soup Purse
276,Sparrow Steeple
277,Speechless Brothers
278,Spires That in the Sunset Rise
279,Strapping Fieldhands
280,Stress Ape
281,Sun Araw
282,Sunshine Militant Children's Hour
285,T.I.T.S.
289,The Lindsay*
290,The Wire Orchestra
291,The Agrarians
293,The Butcherings
295,The Higher State
301,The Set of Red Things
303,The Tleilaxu Music Machine
304,The Yolks
305,Thee Oh Sees
306,Tommy Jay
310,Traveling Bell
312,The Twin Atlas
317,Vincebus Eruptum
318,Vincent Black Shadow
319,Von Hayes
322,Vulcanus 68
323,Vulcanus 68 w/D.Smith
328,Weirdo Begeirdo
329,What Cheer? Brigade
331,Xiu Xiu
334,caUSE co-MOTION
115,Thomas Dimuzio
358,Bolmongani
1381,Watersports
385,Adept
390,Ai Aso
417,Arborea
455,The Baskervilles
1393,Benjamin Wetherill
472,Big Digits
502,Bonde Do Role
504,Bonne Aparte
522,Brother JT
565,Cheap Time
575,Citay
602,Country Teasers
662,DMBQ
1647,Dan Deacon
1605,Dan Friel
639,Dengue Fever
792,Doug Gillard
694,Electric Kulintang
1438,Emma Peel
728,Fallen Leaves
738,The Feeling of Love
742,Fern Knight
139,Foot Village
763,Frigg A Go Go (F.A.G.G.)
1403,Gary Wilson
802,Golden Dogs
828,Hank IV
844,Gary Higgins
869,Ignatz
889,Japanische Kampfhorspiele
890,Jazzfinger
1279,Kelley Stoltz
915,Killdozer
921,Kinski
355,Larkin Grimm
941,Leather Uppers
190,Lightning Bolt
965,Los Fancy Free
966,Los Llamarada
970,Loto Ball Show
1616,Love Craft
826,Mary Halvorson and Jessica Pavone
446,Matt Baldwin
1022,Meth Teeth
559,Michael Chapman
851,Michael Holt
1070,Nalle
1408,Nate Wooley
1082,Nightingales
1374,Peter Walker
1152,Psychedelic Horseshit
1165,Quintron
1175,Razor Bois
1126,Reynold Philipsek
362,Roxy Pain
1222,Sic Alps
1229,Silver Jews
1237,Skybombers
1249,The Snow
1417,Steve Wynn
352,SUX
944,Ted Leo
1627,The Bristles
584,Coachwhips
689,The Effigies
701,The Embrooks
825,The Hall Monitors
10260,Means
1039,The Moaners
1044,The Moi Non Plus
1178,The Rebel
350,The Spunk Lads
1332,The Tokeleys
1340,Triclops!
1344,Twi the Humble Feather
1356,Urinals
1372,Voice or No Voice
1385,We Are the Arm
1397,White Hills
846,High Places
1401,Wildbirds and Peacedrums
1402,Wildildlife
1633,Wildildife
618,Dälek
768,Fuck Buttons
1407,Wooden Shjips
940,Le Volume Courbe
70,The Bad Trips
973,Low
823,Half Japanese
834,Harvey Milk
1115,Parts and Labor
1119,Peelander-Z
1656,Paul Pitman
1245,Micah Blue Smaldone
1661,Charles D'Almaine
1663,F. J. Bacon
1664,Louisiana Five
1665,John J. Kimmel
1668,Sophie Tucker
1669,Frank Miller
1670,Hans Kronold
1671,Charles Daab
1672,Henry Burr
1666,Polk Miller and his Old South Quartet
1673,Ada Jones
1674,Aristodemo Giorgini
1675,Selma Kurz
1676,Will F. Denny
1677,Whit Cunliffe
1678,Glen Ellison
1680,Arthur Collins and Byron G. Harlan
1681,National Promenade Band
1682,Rev. Madison Clinton Peters and the Edison Mixed Quartet
1683,Helen Clark and Billy Murray
1679,Billy Murray
1685,Helen Clark and Joseph A. Phillips
1686,Weyert A. Moor
1687,Reed Miller
1688,Irving Kaufman
1689,Thomas Chalmers and Elizabeth Spencer
1691,400 Blows
511,The Bowmans
1699,Intelligence
1701,Zola Jesus
1703,Magic Christian
1704,Mary Halvorson Trio
10,Lucky Dragons
1353,Uninhabitable Mansions
1625,Peter Biedermann
614,The Cute Lepers
1610,Haale
359,Hayvanlar Alemi
1742,Thomas Function
1792,Marianne Dissard
1803,Cold Cave
1805,Paul Collins Beat
1806,Gentleman Jesse
1809,The Space Lady a.k.a. Suzy Soundz
1832,Sheqer
1834,Kavala Brass Band
1835,Raya Brass Band
1837,Zikrayat
1838,Zlatne Uste Balkan Brass Band
1839,Orkestra Keyif
1836,Scott Wilson & Efendi
1840,Matt Darriau's Paradox Trio
1061,MV + EE
458,Matt Bauer
1844,Sakura Madams
1846,Schocholautte
1881,Eskalators
1882,Height With Friends
1853,Bruce Lenkei
747,Flaming Fire
1826,Tombs
1887,James Amoeba
1889,Dave Public
1346,Cath and Phil Tyler
1890,Bleep
1729,Watcha Clan
896,The Jowe Head Band
1902,Mimi Sun
1903,Hawnay Troof
835,Hat City Intuitive
1907,junior85
1915,Tough Darts!
1109,P.G. Six
8583,Nick Hennies
1919,50FOOTWAVE
634,Deerhoof
1047,Monotonix
1101,Oneida
518,Brian Jonestown Massacre
1953,BrokeMC
853,Homosexuals
1939,Monk Turner
413,Antiguo Automata Mexicano
88,Bonedust
1950,P.E.D.
1979,Ravens and Chimes
1480,The Boardlords
1710,Boss Hog
1711,Box Elders
2005,Messer Chups
2006,Principle Fetterman
2007,Math and Physics Club
2008,Lee Rosevere
2009,The Old Codger (with R. Stevie Moore)
2010,The Fairsley Difference
2011,Kim & Buran
2013,Very Proper Dragonflies
1764,The Apartment
1770,Dinowalrus
1829,Mondo Topless
2252,Alan Vega & Oneida
698,Curtis Eller
2089,Curumin
2092,Blind Pilot
2091,Bang Bang Eche
2093,These Arms Are Snakes
2094,The Pica Beats
1207,Screaming Females
2098,These United States
2099,The Henry Clay People
2100,Wallpaper
2101,Past Lives
2102,Cotton Jones
1303,Takka Takka
2103,The Broken West
2104,The Rosebuds
2105,The Sea And Cake
2106,Longwave
2107,The Whore Moans
2108,The Kindness Kind
1117,Paybacks
2119,Taylor Ho Bynum/Tomas Fujiwara Duo
1096,OCS
1426,Yellow Swans
988,Major Stars
2203,Gunslingers
2204,Count Bass D
2205,XYX
815,Growing
2287,theTartans
2230,Weave
354,Future Islands
2236,Peter Walker with Jack Rose
2238,Atlas Sound
2241,Erlend Oye
2254,Getatchew Mekuria &amp; The Ex &amp; Guests
2265,Arrington de Dionyso
1917,Kristin Hersh
2271,Xiu Xiu w/ Kristin Hersh
2273,Keith Kawaii
2272,Dr. David Suendermann
1922,Learning Music
2282,Skin O. Daayba
2280,Skin O. Daayba
2298,Gravy Train!!!
1758,Sunbyrn
1752,Double Helix (Morphamish & Texture)
1774,8 Bit Weapon
2312,Meg Baird
2313,James Blackshaw
2314,Corinne West
2345,50 Foot Wave
2355,Daniel Veesey
2357,Skidmore College Orchestra
2362,Aviv Mark
2369,MC Firedrill
2371,Harry E. Humphrey
2372,Peerless Orchestra
2373,Maurice Burkhart
2374,New York Military Band
2375,Charles Crawford Gorst
2376,Jaudas' Society Orchestra
2377,Male Quartet
2378,Walter Van Brunt
2379,Knickerbocker Quartet
2380,Harvey Hindermyer and Helen Clark
2381,Eugene Emmett
2382,Albert Campbell and Henry Burr
2383,Homer Rodeheaver
2384,Emory B. Randolph
2385,Henry Burr and Ada Jones
2390,shaduz
1926,Meanest Man Contest
2391,metùo
2392,ether
2393,Apes on Tapes
2394,Costa
2396,5$man
2397,memory shop
2172,Quiroga
2399,riga
2400,plastik joy
2401,simone pelliconi
2402,lucamoka
2404,eniac
2405,phooka
2407,minidischi
2408,micamat+desanimaux
2406,mass prod
2409,alexander stone
2410,hirnlego
2411,john smorto
2412,wang inc.
2413,santhiago
2415,Neowax
2420,Hengky Strawberry
2421,BondiNedHansel
2427,Toecutter
2435,Panicphobia
118,Thomas Dimuzio/Scott Arford/Chris Fitzpatrick
2440,Thomas Dimuzio &amp; Anla Courtis
2442,Thomas Dimuzio
2444,Thomas Dimuzio &amp; Mitchell Brown
2445,Thomas Dimuzio &amp; Elliott Sharp
2480,Joseph A. Phillips
2481,Eugene C. Rose and George Rubel
1667,Ada Jones and Billy Murray
2482,Manuel Romain
2484,Fred Duprez
77,Big Blood
2497,Larytta
848,Robyn Hitchcock
2500,Police Teeth
2501,Elliott Brood
2492,Uke of Spaces Corners
2623,Oorutaichi
706,EPMD
2631,BOPD
2658,The Ridiculous Trio
2398,m16
2659,M Shanghai String Band
1822,Gary War
2735,Lesbian Afternoon
363,Golden Triangle
2746,Farmer's Boulevard
2343,Abunai!
2752,Just Plain Ant
2756,Borromeo String Quartet
2770,Jef Brown
2780,Meanwhileproject.ltd
2784,Tragedy
2845,Sleepwalkers RIP
2846,Salted City
2862,No Hope For The Kids
2864,Dead Section
2865,Nerveskade
2871,Kai
2879,Black Band Coal Company
2880,The Sleeping Tree
2881,March Rosetta
2882,Black Era
2886,Audible Intelligence
2887,60 Tigres
2889,The Black Hakawati
2249,Toxic Lipstick
2906,Cornelius
2907,Dan the Automator
658,DJ Dolores
2910,Gilberto Gil
2912,Le Tigre
1268,Spoon
2916,The Rapture
2917,Thievery Corporation
2918,Zap Mama
2919,Beastie Boys
92,Bronhard/Going/Public
2922,Li Zenghui
2923,Aaron Dunn
2934,Anonymous Choir
2941,Brendan Kinsella
2949,Carlos Gardels
2956,Daniel Blanch
1709,Kate Ferencz
2985,Thavius Beck
2493,Garm
2998,The Aperion Project
1095,OCDJ
3010,Reading Rainbow
3011,My Mind
3014,Birds Of Maya
3055,Imperial Leather
3059,The Vicious
3063,Never Healed
3068,Matt Keating
3072,Knyfe Hyts
3077,Michael Hawley
3078,Free Tim
3085,Nathan Eckel
3086,David H. Porter
3089,6th Sense
3093,It's Notherground Music!!
3203,Talib Kweli
3094,6th Sense &amp; Mick Boogie
3128,Wildahead Portibeast
3091,Wildabeast
2365,Jasmine Love Bomb
3070,WatFatMan
3131,Isolated Atoms
3132,Amalfi
3134,AS-Potiront
3135,DavidBowman
3136,The Dots
3137,The Home Phonema
3138,Roberto Billi
3158,The Years
3164,Niwouinwouin
3167,The Quadraphonnes
3168,Suhov
3165,Vernon Lenoir
3180,J Dilla
3186,Preggy Peggy &amp; The Lazy Babymakers
3187,lydsod
3200,The Slants
3209,Happy Elf
3214,Degiheugi
3215,Unfactory
3216,Coehn und Foehrb
3217,Professor Kliq
3218,Confusion Is Next
3219,The Transisters
3220,The Upstairs
3222,Garmisch
3223,Bilk
3224,Dallas Kincaid
3227,Brad Sucks
3229,Christine
3230,Mr. Moods
3232,Seiurte
3233,Cezary Ostrowski
3221,Amanyth
3234,The Kirbi
3236,Daniel Maze
3292,Tussle
3241,The Protagonist!
3242,Cleft
3243,Dyabolical  feat. Gionni
3244,Eraritjaritjaka
3245,JR Claiborn
3246,Jeffrey Letterly
3247,Lemon
3248,Marcel
3250,Narcotic Syntax
3251,Savages
3253,8m2stereo
3273,Soulfool
3280,V-Trap (feat. F master F)
3295,Sean Ryan Woodward
3296,Hydropods
3297,mr_melvis (featuring R. Stevie Moore)
3237,Brigitte Bijoux
3225,Dub One!
3308,Koonda Holaa
3313,The GrOOming
3314,Boris Balkan
3316,Gepel
3317,Elias Damian
3318,The Harvey Girls
3319,Screenatorium
3315,niwa
3343,Norton
3344,Trondheim
3345,The Search
3346,Pipo Pegoraro
3348,Weigl &amp; Hoffmann
3349,S-Master &amp; Esco
3350,MUTE
3228,Josh Woodward
3351,Downliners Sekt
3352,Virus
3368,Sminky
3249,Mikrosopht
3369,Revolution Void
3370,Normaa
3371,Nuonu
3372,The Kazoo Funk Orchestra
3373,Mendez &amp; Muna
3374,Virtu-oso
3375,Poxfil
3376,Fresh Body Shop
3377,You Are My Everything
3378,Empathik
3379,Nils Hoffmann
3380,Jamie Dull
3381,April
3382,William  Fields
3383,Mach FoX
3384,Smoking After
3385,Goo Goo Cluster
3386,PeerGynt Lobogris
3387,Haine Brigade
3388,Georgia
3391,MC Jack in the Box
3397,Amoeba Men
3406,Doug Haning Quartet
3412,Slough Feg
3400,Mishoo the Drumkit
3429,JC Brooks + The Uptown Sound
3440,Roger McGuinn
3441,Roger McGuinn &amp; Barry McGuire
3442,Roger McGuinn &amp; Gene Clark
3453,Petit Mal
3437,Jody Pou
3472,Clem Snide
3473,El Ten Eleven
3474,Jason Isbell and the 400 Unit
3475,Nick Jaina
3477,D-84
3578,Gorowski
3579,Bud Melvin
3586,Emily In Love
3587,Malty Media
3589,Slogan
3590,Mombus
3591,First
3593,Tha Silent Partner
3592,Pornophonique
3594,Ghostown
3595,Joiejoiejoie
3596,Surbahar
3597,Garmisch Partenkirchen
3600,El Klan de los DeDeTe
3601,Bangguru
3602,The Incognito Traveller
3603,The Unfinished Sympathy
3604,Sebastian Kramer
3611,Chapi Chapo &amp; Les Petites Musiques de Pluie
3606,Louis Lingg and The Bombs
3607,Microtonner
3609,Dudley
3610,Schaua
3619,Telekinesis
3630,Irreversíveis
3631,Red Lion
3632,FLU
3633,QUI
3634,Clownage
3635,Morad Stars
3636,HYPE
3637,Baster
3638,The Damned
3641,Mabafu
3642,Jurek Raben
4663,Tim & Puma Mimi
3644,Dorothy's Magic Bag
3645,Jan von Grafenstein
3646,Aleksi Virta
3648,Baroquedub
3652,Peter Fox Simon
3653,Calendar Girl
3654,Eta Carinae
3656,Allison Crowe
3657,Arrial
3658,Troupe
3660,Universal Materials
3661,Nest
3662,Kolokon
3663,Crick Zachary
3665,mindthings
3698,Mike Link &amp; Harvey Taylor
3696,Baïki
3699,STEEP
3701,Misery
3702,Sun Zoo
3703,Maniax Memori
3704,Lucas CK
3705,Crepusculum
3706,Dirge
3709,BSK
3715,Camp
3716,Red Unit
3717,transient
3718,Thierry Blanchard
3720,Arai
3721,b-Shake
3722,Aerotrio
3723,Nic Bommarito
3729,Calypso
3730,Frivolous vs DJG
3732,[dK]
3733,Rockoutfit
3734,Zengineers
3735,Giraffe
3736,M.A.Z.C.A.
3737,youthmanSteppa
3738,This One
3739,Raflesia
3740,Patchwork on the Blues
3741,Phour Trakk
3742,Melissa Welch
3743,Pablie
3744,Disrupt
3490,Interkosmos
3768,The Good People
3769,BIG TreaL
3770,Tha Connection
3771,Laws
3773,Majik Most
3775,Jeffrey Lewis
672,The Doughboys
3777,Ism
3783,Menhirs of Er Grah
3793,Micoland &amp; Holly Bretton
3801,Kania Tieffer
3803,Soft Circle
3840,Snapline
3841,Carsick Cars
3842,A Camp
2841,Invisible China
3844,Janet Bean
3845,Colby Maddox
3846,Old Town School Of Folk Music (Various)
3847,Foghorn Stringband
2834,Ben Weaver
3897,Yung Nittlz
3898,Sandro Marinoni
3909,Ceremony
3872,Mental Abuse
3926,Bobb Bruno
1900,Nite Jewel
3876,Sea Monster
3931,The Underscore Orkestra
3927,Zornjak
3940,Asa Ransom
3941,Marco Kalnenek
3943,Kiddo
3944,Keinzweiter
3949,Ambienteer
3950,Bitbasic
3951,Cherly KaCherly
3953,Pitch Boys
3957,T/M/K
3945,I.T. [Infinito / Thaione Davis]
3956,O.U.O and Zimbabwe Legit
3958,Raw Produce
3779,Shorty Raw
3959,Bilal Bashir &amp; Divine Styler
3965,OUO
3967,Thaione Davis
3971,Eddie Meeks
3972,Mr Skurge Khingass
3977,Storm the Unpredictable
3955,Cadence
3981,9th Scientist
3985,Clan Destined
4003,Regia
4004,Sigmund Droid
4008,Pretty Flags
4021,Antanas Jasenka
4022,Martynas Bialobzeskis
4023,Jonas Jurkunas
4024,Vytautas V. Jurgutis
4025,Antanas Kucinskas
4034,dmyra
4035,Opio
129,Ergo Phizmiz
4055,Zeke Healy
3446,Pussyfinger
4059,Neal and Nancy O'Doan
4064,Animal Style
4067,embrace fire
2630,Nine Inch Nails
4073,Curt Smith
4074,Jitney
3924,Mr. Spastic
4091,Must Have Been Tokyo
4662,Sie
4097,Het Gloren
4118,pandoras.box
4120,Throwing Muses
4123,The Vaselines
4125,Fidget
4128,miskate
4129,nigel richards
2223,Pink Skull
4130,kilowatts
4131,someone else
4132,accidentally
4133,city rain
4134,king britt presents scuba
4135,starkey
4136,David Last
4137,marcoerre
4139,omar salgado
4140,violett
4145,dilo
4146,seph
4143,Ezekiel Honig
4138,Gurtz
4161,Monta
4164,Dapayk Solo
4166,Greenbeam &amp; Leon
4171,markojux
4172,lance harrison
4173,markojux &amp; stuart mckeown
4175,craig mcwhinney
4160,barem + dilo
4176,stuart mckeown
4177,paul agius
4178,The Bats
471,White Light
4180,Cursillistas
4200,Glows in the Dark
4220,Seven
4225,Liechtenstein
4229,1.6 Band
4232,Gowns
4258,Pierre De Gaillande
392,AK Slaughter
4290,RENMINBI
4295,We Were Promised Jetpacks
4299,T-Model Ford
4300,Buraka Som Sistema
4301,Dyme Def
4314,Necronomikon Quartett
4315,The Goodnight Loving
4221,Smoked Meat Fax Machine
1371,Vivian Girls
4324,Gloatdragon
4330,Bennoune
3448,Agents del Futuro
4348,Dagos
4311,Levitts
3451,Carson Day
4380,The Kid Daytona
4381,"Bear Bones, Lay Low"
4385,Oskar Fried
4388,Silver Pines
4390,Köhn
4391,Vladimir Sofronitsky
4398,Kinley Caliper
3239,Phil Reavis
4399,Flexor
4104,Cobson
3574,Century Of Aeroplanes
4401,Anton Oosterwijk
4402,Romme Bilger & Hanns Ahring
3761,Nambavan
4403,Troy
4405,Stefan van den Hout
4408,D'r Sjaak
4409,No Neck Blues Band
3450,Sote
4414,Charles Tournemire
4415,Silvester Anfang
4416,Kiila
4421,staRpauSe
4423,Blind Blake & Leola Wilson
4424,De Portables
4433,Bacco Baccanels
4434,Bubbles
4448,JJM
4449,Stromble Fix
4450,Entertainment for the Braindead
4452,Scrambled Mache
4453,Jay Slim
4454,Comfort Fit
4455,Christopher Joel
4404,Sid Peacock
4471,Kiss the Anus of a Black Cat
4475,Felix Weingartner
4480,Michal Hambourg
4482,Ferruccio Busoni
4485,Reverend Gary Davis
4486,Blind Lemon Jefferson
4488,Peliatan Gamelan
1762,Twizzle
4496,Angels of Light
4502,Guido Gialdini
4504,Jack Kaufman
4510,Paul Whiteman and His Orchestra
4495,Michael Gira
4498,Antique Phonograph Music Program [Various Artists]
4500,Arthur Collins
4542,Arthur Collins and Byron G. Harlan
4522,Dorothy Kingsley
4523,Edison Concert Band
4524,Edison Military Band
4526,Edison Symphony Orchestra
4528,Edison Vaudeville Company
4529,Four Comical Cards
4530,Invincible Quartet
4531,J.W. Meyers
4532,Molinari
4533,Samuel Segal
4525,Feodor Chaliapin
4534,Bruno Walter
4537,Al Benard
4538,American Quartet
4539,Arthur Fields
4540,Fanny Brice
4541,Jaudas Society Orchestra
4543,Kiraly Erno
4545,Paul Gerber
4546,Paul Groening
4551,Peerless Quartet
4544,Eddie Cantor
4547,Edward Hamilton
4552,Fred van Eps
4553,Master William Pickels
4554,Moore and Davis
4555,Nora Bayes
4556,That Girl Quarter
1768,The Virginians
4557,Vess L Ossman
4375,Salakapakka Sound System
4584,André Marchal
4589,Arie B.
4604,dot tape dot
4607,Victrola
4606,Chico Correa and Electronic Band
4610,Throcke
4611,Superbus
4612,Superbus feat. NS
4613,Superbus feat. Loop Loops Clan
4614,Shearer
1763,Stark Effect
3751,Djet
4467,Popeye Experience
4183,Klaz*
1869,Ton Rückert
4616,Jan van den Dobbelsteen
4617,Bedstead Tremolo
4618,The Ronnie Wibbley Orchestra
1819,Chenard Walcker
4238,ElMaes
1916,Lanark
4619,Residuum
1790,"Roy ""Chicky"" Arad"
4623,Mule Driver
4624,101 Player Feat. Sillypoo
4632,Pharaos
4633,Owltree
4646,Pre
4651,Claudio Nuñez
4657,Vladimir de Pachmann
891,Jennifer Gentle
4660,Har-You Percussion Group
4658,Irén Marik
4664,Madeleine de Valmalète
4668,Mieczyslaw Horszowski
4671,Samuil Feinberg
4656,Tusk Lord
4682,Brother Truck
1516,Love Story In Blood Red
4684,Nullsleep
4691,Mt. St. Helens Vietnam Band
4695,Hey Marseilles
4697,The Ironclads
4699,Man Plus
1011,Measles Mumps Rubella
4724,Keith Morris & The Crooked Numbers
4725,Zack Kouns
4707,Bomba Estereo
514,Billy Bragg
3624,Curtis Hasselbring
3622,The New Mellow Edwards
4732,Latent Chaos
4736,Modern Exteriors
4737,Disposable Air Sickness Band
4735,The Suadetones
4738,MCRB
4739,Atomic Butterfly
4740,Sonic Clams
4743,Soul Celtics
4750,Formula
4764,Crystal Antlers
4765,NOMO
4767,The Lights
4769,Andrew Oliver and Kane Mathis
4770,Hotels
4771,Ladytron
4772,Pela
4773,Odawas
4774,James Apollo
4776,The Devil Makes Three
4782,The Pink Noise
4783,The Shining Path
4786,DJ Ilya Monosov & the 21st Century Punks
4788,Eugen d'Albert
4798,Wooden Wand
4802,Burdeos
4804,Jalikebba Kuyateh and the Toubabs
4811,Oto
4813,Betelgeuse
4763,Navel
4819,Jonathan Biss
15690,Avec Noir
4840,Pigeons & Crazy Porridgemakers
4844,Magical Unicellular Music
4852,Miike Snow
4853,Kevin Devine and The Goddamn Band
971,Love is All
4856,Shane Tutmarc
4857,James Yuill
4858,The Church
4826,Paavali Jumppanen
4827,Claremont Trio
4867,Gardner Chamber Orchestra
4874,Julius Hemphill Sextet
4875,Russell Sherman
4877,Eroica Trio
4879,LoveJones and Phys Edison
4880,Gleb Ivanov
4881,The Notes & Scratches
4883,Lying In States
4884,Paza
4885,Orion String Quartet
4887,IAYD
4889,Robert Levin & Ya-Fei Chuang
4891,Viviane Hagner
4893,Seymour Lipkin
4895,Anton Belov
2965,Scott Kettner's Brazilian Brass Band
4917,Covox
4929,Dark Meat
4931,Bishop Allen
4934,Eulogies
4927,Black Feelings
4936,Pietro
4937,Club Royal Orchestra
4938,Ebony Emperors
4939,Frances White
4940,George Gaskin
4941,George Stehl
4942,Harry Champion
4943,Irene Franklin
4503,Irving and Jack Kaufman
4944,Lasses White Minstrel Company with Al Bernard
4499,Zez Confrey
4945,Guy Maiere and Lee Pattison
4946,Handy's Orchestra
4947,Hayden Quartert
4948,James McCool
4949,Selvin's Noevelty Orchestra
4950,Tim Brymn and His Black Devils Orchestra
4951,Van and Schenk
4952,Victor Arden and Phil Ohman
4953,Sally Hamlin
4954,Adele Rowland
4513,Cal Stewart
4955,Columbia Saxophone Sextette
4956,Len Spencer and Ada Jones
4957,Mamie Smith and her Jazz Hounds
4958,Mose Tapiero
4959,Mrs. Hardin Burley
4518,Zez Confrey and His Orchestra
4960,Dolly Connolly
4961,Nicholas Orlando's Orchestra
4962,Paul Biese and his Novelty Orchestra
4963,The Benson Orcehstra of Chicago
4964,The Peerless Quartet
4968,Gaida Hinnawi
4978,Advantage Music Group
4991,Generationals
4992,GMK
4993,Grynch
4998,The Friendly Dimension
4925,Kraus
5005,Luck & Ripps
5001,Gato Loco de Bajo
5007,HOSTAS
5008,Illinois
1228,Silver Apples
5016,zero consequences
3259,ANAVAN
5017,The Back C.C.'s
5036,Buzzer
5031,Thee Sgt. Major III
5032,Star Lake Drownings
5035,The Veils
5047,NiCad
5050,Sophie Tucker and Al Jolson
5037,The Taxpayers
5059,Bondage Fairies
5064,Darcy James Argue's Secret Society
5068,Al Jolson
5066,Jessie Evans
5069,Amy Annelle
5072,So Many Dynamos
5076,The Raggedy Anns
5080,Dead Wife
5082,Saskrotch
5084,Rebe
2804,Ha Ha Tonka
5086,Magnolia Electric Co.
5088,Fresh Espresso
5089,Mason Proper
5090,Mico De Noche
5085,Throw Me The Statue
3156,Gabe Noel
5094,ump-off Pause Tape
5108,Mattress
5126,Sandro Marinoni & Stefano Roncarolo
5128,El Jugador
5131,Bell X1
5136,Kenny Brown
5135,"Paul ""Wine"" Jones"
5167,Samita Sinha
5171,I Have Clones
5172,Diablo Swing Orchestra
5174,Receptors
5177,They Live!
5182,The Redwood Plan
5183,Anomie Belle
5185,Fabrizio Paterlini
5199,The Mint Chicks
753,FNU Ronnies
5106,Outpost
5203,Auto-Pilot
5206,Muha
5207,Sleaze
5208,Juanitos
5209,Paper Navy
5211,Dirty Three
5212,"Or, The Whale"
5213,Love Battery
5201,MNDR
2739,Deerhunter
5221,The Snails
5227,The Fresh & Onlys
5228,Static Static
1290,Suicide
5118,THF Drenching
5229,Ergo Phizmiz Rock'N'Roll Machine
5232,Bernardo Di Pace and Nino Di Pace
5233,Billy Van
5234,Burt Shepard
5235,Ed Morton
5236,Gene Rodimichs Orchestra
5237,JW Meyers
5238,Thomas Mills
5239,Tom McNaughton
5231,Clay Ross and Matuto
5241,Billy Murray And Chorus
5242,Charles Dalmaine
5243,Columbia Orchestra
5244,Dr Clarence Penny
5245,Edith Wilson And Johnny Dunns Original Jazz Hounds
5246,Handys Orchestra
5247,Marion Harris
5248,Original Dixieland Jazz Band
5249,Alma Gluck
5251,Edward Avis and Howard R Garis
5252,Edward M Favor
5253,Maude Powell
5254,Neapolitan Trio
5255,Paul Whiteman And His Ambassador Orchestra
5256,Victor Opera Trio
5258,Ben Reynolds
5259,Bright
5261,Charlie Schmidt
612,Cul De Sac
5262,Cul de Sac/Damo Suzuki
5260,Wizardry
5265,TV Ghost
1079,Harris Newman
855,Smokey Hormel
552,Nick Castro
5272,Nonloc
5273,Plants
5276,Steffen Basho-Junghans
5278,Shlohmo
5281,Volatil
5283,Dirty Mittens
5286,The Hardliner
5301,DeVries
5310,Kate Power & Steve Einhorn
5317,MEDIANTI
5321,Heosphoros
297,The Minor Thirds
5329,Family Of The Year
2278,The Franks
5332,Hope Anchor
5333,Emilyn Brodsky
13401,Lushlife
5335,Johnny Nobles Hawaiians
5336,Ukulele Bailey
5337,Alice Lloyd
5339,Florie Ford
5340,Florrie Ford
5341,Frank Curtis
5349,G.H. Elliott
5344,Jay Laurier
5345,Miss Venie Temple
5346,Robert Nash
5347,Rose Hayes
5348,Sam Stern
5355,Amy Butler
5356,George Formby
5357,Harry Fay
5358,Henry Fay
5359,Jack Pleasants
5360,Josie Sandler
5361,Kate Wiley
5362,Monroe Silver
5363,Vesta Victoria
5364,Zona Vevey
5365,Athenian Mandolin Quarter
5366,Columbia Quarter
5367,Crescent Trio
5368,Harry Lauder
4507,Miss Patricola
4512,Bert Williams
5372,DeWolf Hopper
5373,Gallagher and Shean
5374,Weber and Fields
5375,Atlantic City Orchestra
5378,Albert Henry
4494,All Star Trio
5387,Amilita Galli-Curci
5381,Nellie Melba
5383,Princes Orchestra
5384,Vess L. Ossman
5385,Victor Orchestra
5386,Kitty Berger
5389,Black Face Eddie Ross
5390,Clyde Doerr and His Orchestra
5391,Gene Green
5392,Golden and Heins
5395,James I. Lent
5394,Joe Hayman
5400,M.J. OConnell
5398,Six Brown Brothers
5399,The Columbia Orchestra
5104,Alexander Turnquist
3226,CM aka Creative
5405,Food Will Win the War
5422,Abby Lee Tee
5428,Iyez
5430,Lover!
5433,Burnkit2600
5435,Midival Punditz
5439,Vieux Farka Touré
5376,Raleigh Moncrief
5404,Animals & Men
5442,Sandro Marinoni & Stefano Roncarolo with Roberto Padovan
5443,ZONA MC
5444,Mob Action
572,The Choke
3613,daghoti.
4751,DJ TôH
4650,Datapanik
5450,Sick To The Back Teeth
5451,Sim Cain
5457,A Smile for Timbuctu
5467,Vim
5469,El Perro Del Mar
5472,All-Star Trio
5473,Bert Harvey
5474,Broadway Quartette
5475,Collins and Harlan
5476,Earl Fullers Rector Novelty Orchestra
5478,Frank Wilson
5479,"George Stehl, Marshall Lufsky and Paul Surth"
5480,Silas Leachman
5481,Venetian Trio
5482,William Wrights
5483,Adeline Francis
5484,Arthur Pryors Band
5485,Charles Kellogg
5486,Manhattan Ladies Quartette
5487,Shannon Four
5488,This Blinding Light
5489,Nurses
5491,Pissed Jeans
5492,The Maldives
833,Harrius
5499,Wild Carnation
5500,Hopewell
5507,Arrogalla
1717,Retrigger
5519,De Cylinders
5542,Byron Harlan
5543,E.V. Stoneman
5544,Hackel-Berge Orchestra
5545,"Hairy Bey ""Oody"""
5546,Orquestra Internationale
5548,That Girl Quartet
5549,Tiroler Ganger Die Gludstinder
5550,Will Oakland
5558,Grass Widow
4696,Star Anna
5559,Ramona Falls
2069,Wovenhand
5569,atoa
5571,Pat Chilla The Beat Gorilla
5572,KCentric
5553,Lasswell
5573,Omni Vista
5556,TheJoe
5574,Alex077
5555,Loveshadow
5575,mykleanthony
5591,Dub Terminator
5594,Home Blitz
5595,Os Mutantes
5623,Bakers At Dawn
5648,Binärpilot
5649,Blaerg
5650,Oxygenfad
5651,Maxwithmax
5652,Poor Jiffy
643,Dev/Null
5653,Mochipet
3905,Terminal 11
5645,Candlestickmaker
5646,Wisp
5674,Bacalao
5577,The Axemen
5665,Andrew Christopher Smith
1252,The Soft Boys
5733,Ruairi Lazers
5735,Bogsnarth
5736,Spark
5738,The Square Root Of Evil
5739,dgoHn
5744,Peekay Tayloh
5747,Sunny D. Levine
5748,Secret Mommy
5643,Santosh
5644,Peter Fuhry
5756,Tarran the Tailor
5757,A Hawk and a Hacksaw
5761,Paleo
5760,Nick Caceres
5758,Manikin
1078,New Radiant Storm King
5771,Pezzner
5774,The Asteroid No. 4
5775,Black Whales
113,Delta Dreambox
5789,Titus 12
5790,Paint and Copter
5791,Grand Archives
5792,Grand Hallway
5793,The Pains Of Being Pure At Heart
5795,The Builders And The Butchers
5796,Local Natives
5800,B1t Crunch3r vs Killeralien vs Phonetic System
5806,Dorian Concept
5807,Wrexsoul
5811,Psilodump
5815,Downpilot
5816,School Of Seven Bells
5817,Rodrigo Y Gabriela
1242,Langhorne Slim
5820,Seattle Fandango Project
5821,Little Cuts
1012,Meat Puppets
5823,Meisce
5825,American Music Club
5826,Lusine
5829,LASVEGAS
5830,Gunhead
5833,Syem
5834,U-1 a.k.a DJ Sounguage
5840,dustmotes
5842,Pearl Taylor's Grandbaby
5843,eQo
5844,Tab & Anitek
5846,Gates
5847,The Gasoline Brothers
5855,Barker
5856,K.I.D.L.I.B
5857,Andulus
5858,DeadBeat
5859,M.I. Loki
5860,Anagramm
5861,V3xation
5862,Cyminology
5864,Pharaoh's Daughter
1398,White Rainbow
4722,Tonstartssbandht
4919,Ultrathin
661,DJ /rupture
744,Filastine
5882,Maga Bo
4906,El Hijo de la Cumbia
5885,Kriss
5888,Haggis Rising
5887,Absent Me
5889,The Shut-Ins
5892,Eat at Joe's
5893,Tribal Genes
5890,uncuT
5895,Twice
5897,deadeyedstare
5900,Delusions of Grandeur
5903,Herv
5905,The Sights
5911,Lorenzo's Music
5928,Henry Homesweet
5946,_jjj_
5934,uiutna
5968,Connect_icut
5966,Spodnik
5970,KemoSwaby
5972,Karash Nikol
5977,Cancelled
5978,Exteenager
6010,DJ /rupture & Matt Shadetek
5985,Wax Tailor
5988,The Raveonettes
5989,Shabazz Palaces
1135,A Place to Bury Strangers
5990,The Dutchess And The Duke
5992,Le Loup
5993,Lightning Dust
5996,Fool's Gold
5999,Choir Of Young Believers
6000,Islands
6001,Betsy Olson
6007,Good Old Neon
1655,Lame Drivers
2292,Deano Merino
6032,Monopole
6035,Robin Grey
6036,Sean Fournier
6037,The Lights Galaxia
5782,Dave Merson Hess
6042,My Parasol
6043,major Major
6044,Christophe Marc
6045,Pinkle
6046,Profi Bros
6048,Joey Ripps
6051,World's Greatest Ghosts
6052,The Orientalist
3522,BLOB
6060,Lee Maddeford
6055,NASA
6074,Gillicuddy
6088,Halogen
6089,geir tjelta
6091,d'aizl
6096,Vicnet
6101,Tom Woxom
6104,Pierlo
6107,Les Baudouins Morts
5633,Primix For Kids
6110,Rot Shit
6135,Bulb
6137,Mini Roc
6138,Xerak
6140,Ben Et Béné
2176,Superhumanoids
3766,Goto80
6078,ignatzthemouse
6158,Future Of The Left
6159,Agent Fresco
6161,For A Minor Reflection
6162,…And You Will Know Us By The Trail Of Dead
6164,Rubik
6165,Hjaltalin
6166,Surf City
6170,The Fiery Furnaces
6171,The Union Line
6172,The Blakes
6173,The Temper Trap
6174,Fanfarlo
6176,Xylos
6191,Adelit@s
6194,Jason Lytle
6195,Sin Fang Bous
6196,Lou Barlow
6197,Soulico
6198,Dodos
6200,The Heavy
6201,Múm
6203,The Moondoggies
6206,Big Spider's Back
6207,The Physics
6208,Ghostland Observatory
6209,S
6210,Wye Oak
6211,BOAT
6213,Silent Requiem
6049,Chromix
6225,Bit Shifter
6236,Steadman
6239,Mentz
6241,B-film Ltd
6237,Kreng
6242,Daan Hendriks
6243,Damscray
6274,Black Ant
5845,ETHX
6280,Namgar
6281,The Lonely H
6282,SQUIRT
6283,Surfer Blood
6284,Rain Machine
6285,Califone
6286,Countdown To Armageddon
6287,The Hidden Cameras
6288,D. Black
6289,Girls
6291,Dark Time Sunshine
6292,Frank Fairfield
6293,Mumiy Troll
6294,Forro In The Dark
6296,X-Ray Press
5452,Anti-Pop Consortium
6297,The Lonely Forest
6299,Pufferfish
6298,Jeremy Burk
6315,Representing NYC
6318,Vess Osman
6319,Esther Walker
6320,George O'Connor
6321,James Lent
6322,Leona Williams
6323,Premier Quartet
6324,Sam Ash and Mixed Quintette
6325,Sam Moore & Horace Davis
6326,Sara Martin
6327,The Southern Negro Quartette
6328,Valentine Abt
1359,Jozef van Wissem
6336,The Necks
6340,Sore Eros
6344,The Rosen Sisters
6352,Granlab
6361,Prison
6362,Candidt
6363,Andrew Oliver Kora Band
6364,We All Have Hooks For Hands
6365,Tristeza
6366,U.S.E.
6367,Stripmall Architecture
6368,Macklemore
6369,Paul Cantrell
6378,Elektronova
6395,Camouflage Danse
6420,Lambent
6421,AEED
6422,Katrah-Quey
6423,Benny B. Blonco
6424,Himuro
6425,B-Ju
6426,Chewy Benson
6427,Rob Steady
6428,Maguett
6435,Kirby & Ditko
6430,Code Inconnu
6431,Niteffect
6419,The Great Mundane
6447,Bombay Laughing Club
6465,Rene Dietrich and Horace Wright
6467,Felix Arndt
6468,Frank Kernell
6469,'Gene Green
6470,H. Benne Hendon
6471,Mabel McKinley
6472,P. Frosini
6473,Princes Band
6474,Frank Haffort
4516,Frank Crumit
6478,Murry K. Hill
6479,S. H. Dudley
6480,The Keeper
6482,Grieves & Budo
6483,The Rural Alberta Advantage
6487,Chuck Prophet
6488,Eastern Grip
6495,Shroud Eater
6511,Dafear
6512,Zinger
6513,Seablue
6514,bzl
6516,Vhiiula
6517,Zabutom
6518,Arachno
6519,Zinger & Bacter
6520,Nim
6521,Valzi & Zinger
6523,Little Elk
6524,Ciccilleju
6525,Lithis
6526,valzi
6527,Blot
6528,TechnoiZ
6530,VKM
6532,143
6515,Nagz & Zinger
3212,minusbaby
6533,Stefano Roncarolo & Sandro Marinoni
5303,Volfoniq
6563,Roots Ista Posse
6571,"Karen Gomyo, violin"
6575,Burro Music
6582,Azzurro
6583,Hyqo
5282,Dr Dub
6612,Alexander Ghindin
6614,Colin Carr
6615,People Eating People
6616,Apparat
6619,Burkina Electric
6621,Spanish For 100
6622,SPURM
6624,"Jennifer Check, soprano; Laura Ward, piano"
6633,"Sasha Cooke, mezzo-soprano; Pei-Yao Wang, piano"
6635,People Like Us & Felix Kubin
6642,Bram Nelson
6643,Cvees
6645,Oni Ayhun
5634,Gangpol & Mit
6673,The Yummy Fur
6484,Karl Blau
6685,Familia Wanderstaff
6691,Sendelica
6697,Letherette
6701,Caural
6702,Funkstorung
82,Black Math
6641,Spectre Folk
6714,"Nicola Benedetti, violin; Julien Quentin, piano"
6718,Roman Stolyar & Ilia Belorukov
6726,The Blasters
6727,Feral Children
6728,Binary Star
6732,Former Selv
6733,Lissom
6734,Yann Novak
6742,Flowerheads
6743,Shinkei
6744,Pierre Gerard
6745,Tomas Phillips
6746,Celer
6766,cHelek
5635,Bebe Del Banco
6846,"4,000,000 Telephones"
6848,Listen With Sarah
6849,David Fenech
6847,Orionza
6852,DJPE
5625,Satanicpornocultshop
6799,His Electro Blue Voice
6811,Kupa
6842,Tep
6868,The Soft Pack
6869,Vultures 2012
6870,Wet Paint
1591,The Willowz
6872,The Purrs
6887,Dino Felipe
6898,Sakee Sed
5453,Addiquit
6899,Charles Albright
6917,Nothing People
6928,Hue Blanc's Joyless Ones
6935,Black Twig Pickers
6957,Frau
6933,Pocketmaster
6962,Thunder Buffalo
6963,Fitz & The Tantrums
6965,THEESatisfaction
6353,Butts
6968,The Grand Astoria
6969,El Niño del Parking
6973,1st Dude
6984,Demerit
6985,The Gar
6986,P.K.14
6996,Hot & Cold
7000,SMZB
7001,Power und Beauty
7002,Inara George
7007,Zapac
2274,audiotechnica
7008,colab
7011,Ms.Vybe
7017,State Shirt
7028,Oakley Hall
7029,Black Taj
7030,Fenderchet
7031,Roads to Space Travel
7036,Dan Matz
7038,The Oranges Band
1485,Heavy Trash
7042,Kandi Coded
7044,Wild Beasts
4373,Cooper-Moore
7063,Girilal Baars
7068,Kids and Animals
7069,Moon Duo
7070,Port O'Brien
7072,Amokdrang
7078,Hugo 'Droopy' Contini
7079,Felipe Sarro
7082,I.D. & Baobinga
7083,DIY-Note
7115,Cold Lake
7117,Pepper Rabbit
7118,Motopony
7119,Q Dot
7122,The Laureates
7121,Riverdale
7123,Tropical Australian Stinger Research Unit
7124,Fly Lazarus Fly
7125,Rho
7126,Doc & Lena Selyanina
7127,MetanoiaX
7128,VAD
7130,Oxynucid
7132,Matt Bauder
7133,Blarvuster
7134,4di
7137,Nicolas Bernier + Simon Trottier
2311,Pregnant
7169,DoKashiteru
7170,Antony Raijekov
7171,General Fuzz
7173,_ghost
7178,Breuss Arrizabalaga Quintet
7179,These Hills of Gold
7180,The Crayon Fields
7181,The Middle East
7183,Quasi
7184,Shout Out Louds
7185,Title Tracks
1363,Laura Veirs
7198,Moolen
7206,Ruidos en el Techo
7207,Mockinpott
7208,Los Rats
7209,The A-ha Experience
7201,Mamá Burger
7210,Taladro Supremo
7211,Los Margaritos
7200,Bam Bam
7212,Los Implantes
7213,Mou
7217,Grave Babies
7220,The Darkest Love
7221,Customer
7223,CatGutStrings
7194,BLOOD!
7189,MYTY KONKEROR
7227,Black Rebel Motorcycle Club
7228,Freelance Whales
7229,Deathraid
6233,You Say Party! We Say Die!
7230,JEFF the Brotherhood
7232,Bassekou Kouyate & Ngoni Ba
7233,Choc Quib Town
7234,Ozomatli
7235,Rat City Brass
7236,silOHs
7241,Chan Wai Fat
7243,5unday5essions
6975,Nuit Noire
7255,IntraHealth International
7267,Italian Dub Community
7270,Digi G'Alessio
7292,Illus
7293,Mo'town Junkie
7294,All The Hats
7296,Dan Bryk
7191,Closely Watched Trains
7340,Falcao and Monashee
7357,8bit Betty
7368,Mr. Busalot
6127,GB pka Gâteaux Blasters
7371,KenLo Craqnuques
7372,Retribution Gospel Choir
7373,Blood Red Dancers
7374,Citizen Cope
7375,The Clientele
7378,Victor Shade
7379,Sonny & The Sunsets
7380,The Ruby Suns
7381,Midnight Masses
7382,Pickwick
7383,Low / Morgan Thorson
5994,Lezet
7412,Zun Zun Egui
7427,Nathan Meunier
7428,Wukir
7098,Big Troubles
7434,Willoughby
7445,Iron Man
6549,Deal The Villain
6269,We Suck At Parties
6256,Ana Radar
6257,Bleeptor V. Telescope
6258,Cannibal Party
6259,Dani Shivers
6260,Desolate
6261,Error.Error
2156,Kixly
6262,Kry-lon
6263,Orso Verona
6264,Pepepe
6253,Prepare To Meet Thy Broom!
6266,The I Forgot
6267,Tö
6268,Unsexy Nerd Ponies
7472,Rein
7473,Cullah
7477,X-Breed
7480,Rodney Maynard & the Hundred Dollar Band
7492,Little Lacy & His Trembling Lips
7490,loadbang
2047,Christopher DeLaurenti
7498,St. LaRok
7510,E. Ryan Goodman
7511,E150
7502,Uncle Lew
7503,Alcove
7504,Radarsat-1
7505,Jesse Morris
7507,The Crayon Industry
7508,AJ
7506,The VME
7500,Brownstone Megaphone
7530,James Scott
7531,Percy Wenrich
7532,Scott Joplin
7533,Gilbert and Friedland
7534,Moore and Gardner
7535,Joe Rosey
7536,John H. Glover-Kind
7546,Amil Byleckie
7550,Trash80
7456,Friends or Whatever
7050,Asian Women on the Telephone
7577,Connie Crothers/Michael Bisio
7190,Electric Jellyfish
7671,Acrassicauda
7681,Everybody Was In The French Resistance...Now!
7674,Black Lips
7683,Mombojo
7688,Christian Bjoerklund
7689,Katherine Young
7704,Aileen Stanley
7705,Charles Ross Taggart
7707,Columbia Saxaphone Sextette
7708,John McCormack
7709,Margret Hellar
7710,Marguerite Farrell
7712,Roy Atwell
7713,Walter Biederman and Hans Von Wegern
7717,Joseph Samuels' Music Makers
7718,Bieling and Dudley with Hayden Quartet
7719,Eddie Morton
7720,George Alexander
7721,Paul Biese Trio
7722,Whitney Brothers Quartet
7723,Jason Ajemian & The Highlife
7727,BNegão & Seletores de Freqüência
7737,Gorod
7738,Decapitado
5863,Debo Band
7743,uiutna + AVFE
7501,James Beaudreau
1296,Superchunk
7779,Kenobit
7778,Buskerdroid
7780,arottenbit
7781,Microman
7783,TG Gondard
7786,The New Heaven and The New Earth
7787,Mount Carmel
2194,Falco Subbuteo
7797,Nameless Dancers
7794,Boris & Olivier
7799,Diamondsnake
7800,Doyeq
7802,moroza_knozova
7803,Frunk29
7804,Iky Que
7805,Vadim Lankov
7806,Dyad
7807,Modul
7808,Stud
7809,Raumskaya
5224,Light Under Water
7810,5-40 am
7812,CD-R
7824,RÉGIS VICTOR
7839,Drawings on a Chalkboard
7842,Off Garde
7843,Baghdadi N
7848,Larry Polansky
7862,La Olla Express
7864,Los Sundayers
7866,Ciervo
7868,Duo Cobra
7869,Projecto Mourente
7870,Orxata Sound System
7863,Kayo Malayo
7865,Pacotiempo
7871,Fanny+Alexander
7872,Pisu
1243,The Slits
7876,A Sunny Day in Glasgow
7888,Misiaczek
7892,Beach House
7893,Happy Birthday
7896,Mike Dumovich
7898,Dinosaur Feathers
7899,Ravenna Woods
7904,Pink Martini
5566,Javelin
7905,Strap Straps
730,Fang Island
7913,Laura Rebolloso
7914,Sleepy Eyes Of Death
7915,Charlotte Gainsbourg
7916,The Wedding Present
7920,Twin Sister
7672,The Almighty Defenders
7924,Michael Wells
7496,Single Bullet Theory
7930,Three Is a Green Crown
7931,USK
3075,Silk Flowers
7947,Re:ndz
7948,Monokle & Galun
7942,Soft Tags
668,Delphine Dora
7949,Plushgoolash
7950,GriefBirds
7968,Majemuk
7969,Mendhoan
7970,Crazy Games
7971,Chip For Breakfast
7972,Go Gadget
7973,Bitluzherbip
7974,Big Bang Boom
7975,You Kill My Brother
7976,Son Of A Bit!
7977,Claudio Nuñez & Sergio Paolucci
7981,Without God
7982,Brainpain
7983,Adam Kroll
7984,Dubbwune
7985,Rigorous Intuition
7986,Rogue State
7987,Smurd
5797,Sephirot
7988,Mantra
6277,Kingstux
7989,Haemon
5798,Mikuś
1862,Sascha Müller
7990,Krista Muir
8010,Fidel Cutstro
8011,Plaistow
8019,Rare & Cheese
8021,Anitek
8022,Crookram
8023,Heifervescent
5300,Yair Yona
8032,Thee Irma & Louise
8035,Bazaar
8036,D'Incise
8037,Liliom
8038,Cloth
8039,Fedaden
8040,Kirbi a.k.a. Denis Fomenko
8061,Robot Koch
8063,Hargreaves / Noyes / Duplant
8069,Globular
8070,Jungle is neutral
8071,Lady Data
8077,Bernd Burnson
6974,Giuseppe
8083,Socket Science
8084,Bubble Shield
8085,Wunderblock
8086,Fabrizio Cacciamali
8087,Donny Karson
7027,Dan Brasco
8090,Blok One
8091,D-Fender
8093,Construktor
8062,Asthmaboy
8095,Asagaz and Rifhes
8097,Rifhes
8098,Willow
8100,Chico Trujillo
8139,Lo-Bat
8142,Growsound
8148,The Ettes
8150,Jim Jones Revue
8155,Metal On Metal
8157,Alphabets Heaven
8163,El Haijn
8164,Yawn
8166,Maryos
8174,The Model
8175,TRG
8151,Alien Pimp
8176,Makunouchi Bento feat. Selfmademusic
8177,Michi
8178,Alexandrina
8179,Minus & Ion
8180,Poor Relatives
8181,Discoballs
8154,Suie Paparude
8168,Sillyconductor
8183,Riding Alone for Thousands of Miles
8189,Cristi Cons
8152,Bogdan
8169,Inner
8616,Ion (Romania)
8172,Vlad Caia
8153,Minus
8198,Hi Tiger
8200,Jason Hunter & The Great Red Shark
8206,Desmond & The Tutus
8207,Ezequiel Ezequiel
8208,Suuns
7937,Fol Chen
8213,COOLRUNNINGS
8215,M.W.D.
8217,PC Worship
8218,Emay
8224,Salmon Thrasher
8230,The Family Curse
8231,Absolute Monarchs
8232,Annuals
8233,Stanton Moore Trio
8259,Frederik Teige
8264,Jan Jelinek
8266,Unrest
8283,Angela Aux
8284,AGF/Delay
8288,Mel Graves
8289,Muhal Richard Abrams
8290,JD Parran
538,Calexico
8293,Dawn of MIDI
8297,Daniel Blomqvist
8298,Jimmy Edgar
8299,Michael Fakesch
8301,Ontayso
7801,Feldmaus
8302,Krill.Minima Und Dino Püschel
8303,Wols
8304,New Found Land
8305,Neotnas
8306,Sleepy Town Manufacture
8307,Giriu Dvasios
6385,Ten and Tracer
8309,Leon Somov Feat. Jazzu
8310,Broken Chord
7811,Monokle
8311,Zulusas
8312,Amorph
5908,EU
8313,ENV(itre)
8314,Blackfeel Wite
8315,Esem
8316,Dunaewsky69
8317,Alexander Daf
8318,NGC 1365
8319,Sabi
8320,aAirial
8321,Maps And Diagrams
6623,Praveen
8323,OOO
8324,Melomake
8325,K.D. Expression
8326,MINT
8327,Down Review
6092,Krill.minima
8365,H.D.M.
8370,Patrick Lee
8371,Marvelry Skimmer
8372,HOM
8374,Gigi y los Putos
437,Baby Gramps
8412,Sound Of Ground
8414,Grand Mal
8416,Propaganda Anonymous
5130,Caribou
6226,Plants and Animals
8399,Regina Carter
6204,The Tripwires
8421,Remote
8422,Blitz The Ambassador
8458,Another Day On Earth
8459,Homemade-LoFi-Psych
95,CAVE
8467,Not From This World
8469,Hogan Grip
8470,Emperor X
8472,Symfoniorkestern
8474,Bronze Horse
8475,Party Boys
580,Clinic
8482,51%
8483,Dean & Britta
8495,James Ferraro & Zac Davis
8581,Mystic Morrison Visions
2133,Dntel
6770,Okapi
8602,End.
8611,Zeptosound
8619,Stan
8626,James Franc-Parler
8646,mackay/watt/estel
8432,My Goodness
8447,Stars
8435,Drive-By Truckers
8657,Rushjet1
8659,Sian Alice Group
416,Apse
8663,Miro
8664,Eaters
8665,Krowne
8672,Comma
8677,Daddy_Scrabble
7129,Morphamish
8679,Crooked One
8680,Blackmass Plastics
8692,Lifeshows & Asthmatic Astronaut
8693,Asthmatic Astronaut
8694,Burning Bright
8704,Delgarma
8706,Dumbo Gets Mad
7285,ZUHN
7295,ZOE.LEELA
8711,/'angstalt/
8716,Raziel Jamaerah
6890,Pixelord
8718,Derrick Hart
8722,Las Ruinas
8727,Staline Mattin
8756,Diploide
8757,Garbanzo
8767,Aesis
8768,Art Of Empathy
8769,Aritus
8770,Blue Skies Bring Tears
8771,Comascape
8772,CriadCrias
8773,Darrell Waters
8774,The Light Beyond
8775,Jupiter Make's Me Scream
8776,Milkrun
8777,Noctiflora
8778,Schattenwald
8779,Shadegrown
8780,Surrain
8781,the silence industry
8797,"AlienAqtor, Disorder of Rage (DxOxRx), Flanicx, and Rod Brandao"
8804,Meczûp
8805,harlequinade feat. texture & l
1878,Weirdomusic
8877,"Waiters, the"
8879,Lenkei
8885,Pharmacom
8882,Click Click Click
8887,Caühaüs
8895,Zombie Raiders
1357,Už Jsme Doma
8961,Batillus
8966,Mattisson
8972,Church Of When The Shit Hits The Fan
8978,John Wesley Coleman
9005,Gepe
9011,Anamanaguchi
9012,Pure Hell
9014,tzara
453,Bardo Pond
9038,Maps and Atlases
9039,Menomena
9040,The Secret History
9041,Low Land High
9042,Out For Stardom
9043,Admiral Radley
9046,Brite Futures
9047,Aveo
9065,bq-sound
9056,The Itchy Creeps
9064,Harpoon Forever
9067,Broke For Free
9068,Wizwars
9076,Vermillion Sands
9075,Peter Sharp
9080,Illinois Brass Band
9090,Hugh Cornwell
9032,Silence is full of birds
9137,Mean Jeans
9140,Reporter
6455,Sky Parade
9145,Sunset
9146,Blind Boy Paxton
9147,State of the Artist
9158,Bobbie Peru
9159,Imperial Tiger Orchestra
9166,Marvelry Skimmer / Kiila
9173,Bogdan Marcu
9175,Teleidofusion
8880,Stealing Orchestra
9138,bueno.sair.es
9191,Transmitters
9194,Nobody's Bizness
9201,Bildmeister
9204,Party People in a Can
9206,The Crevulators
9211,Sta. Apolónia
9212,Invacuo
9217,dj Skull Vomit
1983,Captain Ahab
9218,Singaya
9219,Debmaster
9223,Muuttuvat Kasvot
9225,Brad
9227,Jeremy Cohen & Matt Munisteri
9230,Broken Haze
9231,Grillo
9232,Om Unit
9233,Chairman Kato
9234,Vital
9235,T.Hemingway
9236,le N?KO
9238,Decepticon Bootleg Machine
9239,Lunice
9240,Invisible Inc
3183,Paper Tiger
9241,Ocuban
9242,Cohoba
9243,Dza
9244,East Winston Lake
9237,Sláinte
8220,s.maharba
9245,XLII
9246,Slugabed
9248,Greymatter
9249,Elroy 4.0
9250,00Genesis
9251,Constrobuz
9252,Mr Beatnick
9254,Suzi Analogue + Stalley
9255,Kidkanevil
9256,Flick Brown
9257,Cazeaux O.S.L.O.
9258,Piff Herrera
9259,Debilorithmicos
9260,8Bitch
788,Ghost
9261,Stevo
9262,Inko
9265,MAT64
9286,Traveling in Stereo
9287,Mr. Bitterness
6880,The Pop Winds
9293,Sibirskaya Vechora
9295,The Scientists
9297,Amelita Galli-Curci
9298,Fabulous Diamonds
9299,La Nina de los Peines
2859,Ustad Abdul Karim Khan
9301,Marika Papagika
9304,Dipak Chand
9305,Sampology
9306,Bluntspeakers
9322,OnRye
9321,Flux
7560,the1983
9324,Der Christer Schytts
8333,Pablo Ribot
9323,Lucas Gonze
9328,George P. Watson
5933,h.
9332,Sljk
4069,Meme
9339,Sontag Shogun
9342,Daramone
9344,Gina Artworth
9348,Lessazo
9349,Throw Panda Bat
9378,Dubosmium
9380,i'dawn
9383,Northbound
9384,De nieuwe vrolijkheid
9393,Chuck Prophet and Mission Express
9395,Jay Martinez
8695,Metatron
9397,Bomarr
9398,Neeva
9288,Liam Stewart
9400,Jonah Dempcy
9402,The Insider
9403,UltraCat
9406,Tony Castles
9264,Uton
12224,Texture & Morphamish
9417,Krestovsky
9433,Velcro Lewis Group
9439,Persephone's Bees
9438,Winter Drones
519,Brian Wilson Shock Treatment
8671,Hiiragi Fukuda
9447,Stonewall Jackson
9449,Kido
9451,Pariah Qarey
9448,Behold! The Living Corpse
9460,Indie Art Wedding
9467,Sustainer
9469,Solid-M
9473,Werken
9472,Emil Klotzsch
9470,Sutekh
9474,Emanuele Errante
919,Kingface
9525,Krumble
8586,Liar
9512,Mt. Gigantic
9523,Computer Magic
9538,Duke Hugh
9544,Prince's Orchestra
9545,Edison Male Quartette
9546,Victor Mixed Chorus
9547,Haydn Quartet
9548,Francis J. Lapitino
9549,Lewis James
9550,Harry MacDonough
9551,Byron G. Harlan
9552,Steve Porter
9553,Trinity Choir
9554,John McCormack and William Reitz
9543,Ernest Hare
9756,Victor Herbert Orchestra
9556,Trinity Quartet
9557,Anonymous
9558,Navada Van der Veer
9562,The Re-Stoned
9568,Albert Glasser
9573,Sycamore Drive
9529,Adam & Alma
9532,E.lebleu vs. Plug
9580,E.lebleu
9581,madmaid
9585,Kanji Kinetic
9586,MHV
9588,Echo Lali
9526,Fancy Mike
9527,Raw Stiles
9595,Travis Taylor (feat. Emily Vella)
9597,Marc Hoogstad
9598,Jordan Gladstone (feat. Bros. DeVries)
9599,Henri Thomas
9601,Ben DeVries
9594,Will Heikoop
9602,Karianne Pasma
9603,Snowy O. McSnowerson and the Oh So Snowly Snowers
9604,Aaron DeVries (feat. Ben DeVries)
9605,Seth Partridge
9606,Leah Morrow
9607,Travis Taylor
9608,Enots (feat. Davey Von Stone)
9609,Jordan Gladstone
9617,Parting Gifts
9623,The Corin Tucker Band
9575,Replikas
9641,Brogan Bentley
9362,Norman Creed
9643,Melmono
8952,Vitalis Popoff
9644,Izmar
9645,Taschenrechnermusikant
9646,Thompson & Kuhl
9366,DjCode
9647,The Unique Matter
9648,Stratoliner
9649,Anakord
9651,Johnny Hawaii
9655,So I'm Jo
9654,Gabriela Parra
9657,Makkadessia
9658,Himan
9659,Frank Biedermann
9656,New Delhi FM
9661,Zeno
8392,Weyes Blood
9733,Purling Hiss
9742,Tre Orsi
9744,Funny Cry Happy
9690,Motorama
6940,Dragan Espenschied
9768,Los Cuatrocientos Golpes
9769,Lido Pimienta
1761,Proviant Audio
9772,Francesco Lettera
9773,Eagle Nebula
9774,Tom Ackleberg
9775,Deto And Gleam
9776,John Ming
9777,Pembls
9779,Lomovolokno
9782,Musetta
9783,Nazzareno Zacconi
9784,Fabryka
9786,Seralf
16208,Container (Dharmasound)
9793,ENEG
9795,CdP
9801,Audiotoolz
9802,Digital drug
9803,Wrekkerz vs Audiotoolz
9804,Freestep
9805,Beatstar
9806,Pattern Industries
5217,Evgeny Grinko
9814,mGee
9836,Rully Shabara & Wukir Suryadi
9837,Kelelawar Malam
9838,Belajar Membunuh
9839,Coffin Cadillac
9840,A Sistem Rijek?!
9513,A.L.I.C.E
9841,Nervous Breakdown
9842,Papa Onta Cult
9843,Raden Anom Prakoso
9844,World Nasty Anarchy
9852,Cobra (avec logo panthère)
9863,From This Accident
9864,The Classic Cluster
9865,Social Black Yelling
9866,Rest In Pain
9867,Bersekutu Dengan Disco
9868,Chamberlain
9869,Twelve Insomnia
9870,Karbala Bukan Fatamorgana
9874,Ten Digit Army
9018,Björn & Gorden
9884,Ga'an
9886,Voy a Explotar
9887,Prin' La Lá
9888,Ulises Hadjis
9889,Javiera Mena
9890,Juanita y los Feos
9582,Jóvenes y Sexys
9892,Afrodita
9893,Teleradio Donoso
9894,Joe Crepúsculo
9895,Juan Son
9896,Nubes En Mi Casa
9897,Jessy Bulbo
9898,Turbopótamos
9899,Album
9902,Hello Seahorse!
9903,Manos De Topo
7798,El Remolón
9933,Electronischebasisgeluide
9934,Hot Fire
9936,Kohlensaure
9937,Lata
9941,Nakatano
6441,Coolzey
9947,NanowaR Of Steel
9948,Dead Poets
9949,Mik le Désaxé & YuAir
9950,Architect 25
9957,Colin Shaddick & Roger Nicholls
9958,The Chamber Strings
1288,Nikki Sudden
9633,The Toothaches
9965,Ari-Up & The True Warriors
4,Nicky Cook
9976,Lockerbie
9939,mildtape
9986,Panta Rei
9989,Mario Garcia
9990,Yves Rakotomalala
9991,Art Boys Collection
9994,Starring
10001,Nick Rivera
9985,Gino Pertot
10019,voyageurs
10042,Splatinum
10044,Horse Feathers
10045,Yuni In Taxco
10046,Bryan John Appleby
10047,Dirty Projectors
10050,Say Hi
10053,Frikstailers
10048,Dale Earnhardt Jr. Jr.
8024,Coliseum
10049,LaRue
10054,The Love Language
5822,David Bazan
10056,The Walkmen
10058,Ra Ra Riot
10059,Narrows
10068,VİYA
10071,East of Borneo
9564,Audio K
10051,The Black Angels
10075,Boy & The Echo Choir
9675,Julien Mier
10076,Shigeto
10077,Dubalizer
10079,Giggs
10080,Mathias Schaffhaeuser
6477,Neon Indian
10090,Visqueen
10091,Wavves
10092,Slacktone
10093,The Missionary Position
10099,Terrakota
10107,The Carrier Wave
8419,Albert Beger
6688,Tokyo Police Club
10115,Jaill
10119,Roscoe Mitchell
10120,Jerome Bourdellon/Thomas Buckner/Dalila Khatir/Roscoe Mitchell
10144,Croxford/Andrews
10157,Inca Gold
10175,Fergus & Geronimo
10182,Fishtank Ensemble
10192,Colin L. Orchestra
10196,Caballo & the Mothafu Kings
10197,Sans Blanc
10199,Guitar Lightnin Lee and His Thunder Band
646,Die Rotzz
10204,Groove Armada
10205,James Curd
10212,Jam Messengers
10213,Hobosexual
10214,Sea Of Cortez
10215,A Million Years Ago
10216,Cloud Cult
6169,Phantogram
10221,Bear In Heaven
10223,Robot Comes To Me
10224,Robot comes to me + k. schools + bng
10229,Chicken Jones
10230,Akathasquid
10231,Katrah-Quey ft. dj Alekzander
10250,Two Prong
10251,Jimmy Cousins
10254,µB
10255,chunter
10256,Feryl
10257,fluidvolt
5520,The J. Arthur Keenes Band
10263,Demetri Tashie
10265,D. Charles Speer
10268,Toy Sugar
10270,East Of The Wall
983,Made Out Of Babies
10271,Tiger Flowers
10272,Black Anvil
10273,Naam
10275,Meek is Murder
10276,The Binary Code
10277,Castevet
10278,Hung
10279,Pyrrhon
10280,Mutant Supremacy
10281,Incendiary
10283,The Ghost In Black And White
10284,Wetnurse
10285,Moth Eater
10286,Hull
10287,The Austerity Program
10288,Defeatist
10289,Goes Cube
10290,Krallice
10294,Empyreon
10291,Abacinate
10292,IKILLYA
10293,Atakke
7818,lobait
10298,Jordi Fresco
10327,Lucy Foley
10333,Workdogs
10200,Human Resources
10344,The Goner
10345,Least Carpet
10349,dronæment
10350,Michael House
10351,The Moot
10352,Charlie Burgess
4349,René Vis
10353,Flo and Eline
1874,Archbishop Jason Polland
10354,"Miller, Schletty, Thomas, and Gómez"
10355,Paza Rahm
10356,Aleksi Eeben
10357,8-Bit Ninjas
10296,Monk Turner + Fascinoma
10360,Black Bear Combo
10391,Milisi Kecoa
10393,I Drug Moy Gruzovik...
10394,The Echelon Effect
10397,Rolemusic
10407,Federsen
9635,Kromatic
10408,Joltask
8111,Photophob
10409,helix nebula
10410,The Gasman
10411,freund der familie
10412,Zoltan Solomon
10414,Miretz
10415,Emah
10419,Future Sound Of Petržalka
10418,Nisiru
10420,Michael Kelso
10421,Burning Boy
10422,DrGy
10423,Foolk
10424,Influenza
10456,Jeremy Macachor
1227,Silver Abuse
10467,2NRO8OT
10469,Plusplus
10475,Occult Detective Club
10471,Chris Forsyth + The Paranoid Cat Band
10487,James Irwin
10575,DOM 65
10576,Whitehorse
10577,Federale
10578,The Rusty Bells
6449,The Dalai Lama Rama Fa Fa Fa
10579,Ostrich Tuning
4113,Alone in 1982
6456,Call Me Loretta
6454,Cotton Club
6463,Moloko Velocet
10580,Pete International Airport
10582,The Cobblestones
10583,Miss Emma
10585,Christian Bland & The Revelators
10586,George
4110,Recife
4102,The Chemistry Set
10587,Dan Alfresco & Savage
10588,Treasure Maps
4115,The Koolaid Electric Company
6452,All in the Golden Afternoon
10589,The Dead Mantra
10590,Antiphon
10591,Earsmack
10592,Erin Dingle
10593,Poorpot
10598,The Endtables
6634,"Miriam Fried, violin; Jonathan Biss, piano"
598,Mike Cooper
10616,Females
1586,Stephen Vitiello
10637,Stephan Siebert
10630,A Far Cry
10650,Stickers
10652,Rabbits
10654,Tapes 'N' Tapes
10656,Foster The People
10633,"Randall Scarlata, baritone/Jennifer Aylmer, soprano/Laura Ward, piano"
10669,Musicians from the Ravinia Festival Stean's Institute
10675,"Dora Seres, flute and Emese Mali, piano"
10667,Nash Ensemble
10671,"Wendy Warner, cello; Eileen Buck, piano"
10673,Trio Mediaeval
10649,Lemolo
10666,Golden Blondes
10668,Väsen
6144,Destroyer
10670,The Joy Formidable
9045,The Head And The Heart
10684,Wild Flag
10687,Grouplove
10642,"Corey Cerovsek, violin; Paavali Jumppanen, piano"
10646,The Concert
10700,13adluck & uh-oh
3598,Shorthand Phonetics
10701,Moon & Sun
9101,KASHKA
10702,Cavanaugh
10703,Palloc
10704,Danish Daycare
10705,AXMusique
10709,Miri
10710,Mammút
10711,Kimono
10713,Who Knew
10714,S. H. Draumur
10717,Scott Fields
10718,The Paperhead
10726,Wonderful
10729,Frightened Rabbit
10730,Seabear
9959,Broken Social Scene
10731,Capsula
10732,Film School
10734,Lesbian
10735,Augustines
10753,Campfire OK
10736,The Extra Lens
10738,Deer Tick
10739,Bloodgroup
10741,The Hundred In The Hands
10742,DeVotchKa
10743,Adam Haworth Stephens
10744,Sugar Sugar Sugar
10745,Beat Connection
10746,Dice
10747,Dr. Dog
10748,Of Montreal
10749,Best Coast
10750,Smooth Sailing
10751,Metal Chocolates
10752,Wow and Flutter
10773,Marco Mahler
10775,La Barca de Sua
10778,The United States Army Old Guard Fife and Drum Corps
10779,Eric Skiff
10802,Albert Benzler and Fred Van Eps
10803,Come
10005,Blank Realm
10840,Pitman's Gramophone Course of
10841,Mild Maynyrd
10849,Swahili Blonde
10853,Overnight Lows
5514,Rotor Perdition
904,Jonathan Kane's February
10865,Elks
6192,Higgins
10869,Slumgum
10117,Clinical Archives Mix
10900,Clever Elsa
10903,Berlinist
10326,Ten Thousand Hours
10906,Lifeguards
10914,Copal
10919,Dominic Lash & Nate Wooley
10939,SCUO
10941,Geoffrey Burleson
10944,Tim Berne
10954,Verklighetens Folk
10955,Lucidikah & Awt
10956,Sam Desborough
10959,Fights Monsters
10961,Communicon
10962,Awt
10963,Biggiesmartypants
10990,Long Hair
479,Birds of Avalon
10994,Sonny Smith
11008,Spy Over There
8539,Pinklogik
11023,Cosmic Analog Ensemble
11024,Full Blush
8690,Texture
11031,Stray Dogg
11034,Lost Boy
11033,Hey Chica!
11036,We Ride Phantoms
11032,Cyané
11037,Los Savants
11038,Espíritus de Gante
11040,El Sagrado
11049,rugar
11050,A.M.U
11018,Cloudkicker
11078,mildtape & Ebsa
11079,Zeelab
11082,David Borden
11083,MIT Concert Choir
11103,Gogofski
11106,Chapelle 59
11107,Bluebrain
11108,exileFaker
2209,Tristan Perich
11110,Ten Thousand Free Men & Their Families
11111,Edward Shallow
11121,4mat
11123,Wet Mango
11126,NNNNNNNNNN
11135,The Meaner
6554,Oblivian Substanshall
11140,Peter Swimm
11147,Zen Albatross
11154,The Wyld Olde Souls
11156,Piccola Orchestra Gagarin
8030,White Fence
11162,Moon Unit
702,Enablers
3426,Prince Rama
11168,The Monochrome Set
10974,Waffle
11173,Avi Buffalo
11174,Pétur Ben
11175,Sindri Már Sigfússon
11176,Luck One
11177,Lay Low
11178,Matthew Dear
11180,Sun Airway
11182,Small Black
11183,The Radio Dept.
11184,Junip
11185,Mad Rad
11186,Wild Orchid Children
11187,Yellow Ostrich
11188,Tax And Leisure Corporation
4689,Pomegranates
11190,Joseph Giant
6004,Black Mountain
11192,Seapony
11193,Hollerado
11195,The People's Temple
11203,Bohumir Kryl
11202,Radical Dads
11209,Bush Tetras
11213,Frenic
11214,Joshua Watkins
11215,Hip Nothings
11217,A-Rec
11218,Stereoshape
8182,Riding Alone For Thousands Of Miles
11232,The Soft Moon
11236,MKRNI
11237,Aias
11241,Milgrom
11250,La
11255,Dyno Jamz
11258,Onry Ozzborn
11260,Sol
11262,Dolorean
11268,The Jayhawks
11269,Solvents
11270,Triumph of Lethargy Skinned Alive to Death
11271,Tennis
11272,Scribes
11276,Hi-Life Soundsystem
11277,Trombone Shorty
11278,Kimo Muraki
11280,Summer Babes
11281,Whalebones
11282,Eddie Spaghetti
11283,Kay Kay and his Weathered Underground
11285,The Cave Singers
11287,The Good Sin and 10.4 Rog
11288,Throne of Bone
11289,Smith Westerns
11290,Argonaut
11291,Macklemore and Ryan Lewis
11292,Gang Of Four
682,Earth
10683,Robbers On High Street
11298,Ice Age
11299,My Bubba & Mi
11301,Lüger
10386,bidibop
11302,Pika
11306,Os Trasnos De Moscoso
11313,New York Military Band and the American Quartet
11314,United States Marine Band
11340,Cautiva
11343,Flint Hayerr
11348,Dirk Becker
11349,Herbie Gaylord
11350,Daoud & Kristobal
11352,Szarruk
11354,Umbra Summi Nobis
11355,Malandrómeda
11356,The Pum'S
11357,Ey Lou Flynn
11359,Fuzzy Tunes
11360,Neo Bechstein
11368,Horiso
11371,zastranienie
11374,Milk Music
11375,White Life
11335,I Am Not Lefthanded
11333,Blake Teres
11380,The Brians
11386,Mr. Lif and Brass Menažeri
11388,Drew Grow & The Pastors' Wives
11389,Dancer & Prancer
11391,Belleruche
11392,The Young Evils
11394,Vetiver
11385,Spenza
11398,The Greenhornes
951,Les Savy Fav
11399,Daniel G. Harmann & The Trouble Starts
11400,Strand Of Oaks
11402,The Sonics
11243,X
11248,Legendary Oaks
6143,The Dears
10688,Balmorhea
10685,Fred Speakman
10682,Onra
10681,Breathe Owl Breath
9096,PS I Love You
10680,The Lighthouse and The Whaler
10679,Revolver
10678,Blueprint
10677,Wild Nothing
4932,The Curious Mystery
3365,Akron/Family
8018,Emerald Park
11418,Metalmorphosis
11423,Ljudske Potrebe
11428,Comptroller
11447,Moppi Ja Aivokurkiaiset
11455,Holy Strays
11459,Dirty Beaches
11460,Wet Hair
11464,Last July
11472,Casa Del Mirto
11476,Skeleton Hands
11483,Work Drugs
11494,Tomas Fujiwara & The Hook-Up Trio
11496,Fountains Of Wayne
11499,Boca Chica
11517,Ol
11520,Moa Pillar
11521,Nocow
11522,Save Slaves
11523,Appleyard
11526,Myown
11534,Milch of Source feat. EeL
9778,Adapt
11543,Urge Overkill
11596,Silent Strike
11599,The Chris Kelsey 4
11384,The Men
11618,Windom Earle
11636,Grooms
11635,Hypnomango
11646,Inkubus Sukkubus
11035,Lorelle Meets The Obsolete
414,APB
11744,The Wrong Words
11816,M-PeX
11827,Ed Schrader's Music Beat
11823,Lantern
10100,Rotterdam Ska Jazz Foundation
11893,Sex Church
11914,Scraps
11935,Hans Chew
11936,High Castle
5979,Benji Cossa
11951,Bandana Splits
11952,FLT RSK
11963,Abstract Artimus
11966,The Embarrassment
2112,Digital Primitives
12039,Disco Zombies
1244,Sloan
11901,Kitchen's Floor
12069,Mikal Cronin
12078,Chapter 24
5688,Starscream
12119,Zounds
9367,The Kyoto Connection
12152,Mighty Fine
11216,BADLUCK
8529,The Kandis Project
12166,et_
7629,environmental sound collapse
12204,Canzoniere Grecanico Salentino
12210,Heaven's Gate
9108,Pujol
12247,K-Holes
6692,Steve Gunn
12269,Call of the Wild
12271,Kellee Maize
12273,Kevin Bryce
12338,The Might Could
12354,Jack Ruby
12381,Maxime Robin
12387,Yuichiro Fujimoto
7486,The Woolen Men
12428,Gringo Star
12484,Black Fortress of Opium
12493,Phantom Payn Days
12494,Live Ones
12532,Happy Refugees
12536,EULA
12605,Azoora feat. graciellita
12608,Kenton Dunson
12610,Aucan
12611,Elemint
12615,The Sliders
12617,BJ Block & Dawn Pemberton
12618,Bryyn
12620,Sick of Sarah
12631,Inch Chua
12633,Automata
12637,TenPenny Joke
12677,Archipelago
12721,Man Bites Dog
12727,Liquor Store
12730,Regal Degal
12734,Mike Viola
12736,Void Vision
12609,Baiyu
8715,Small Radio
6345,Yale Women's Slavic Chorus
12867,Boy Friend
12871,Chelsea Wolfe
12683,Dead Gaze
12872,DIVE
12873,Expensive Looks
11208,La Big Vic
12875,Light Asylum
12876,MINKS
12877,Night Manager
12882,So So Glos
3461,The Beets
12818,The Immaculates
12939,Leona Williams and Her Dixie Band
12942,Ethel Ridley
5380,Enrico Caruso
12952,Spookey Ruben
12967,Mokhov
13004,Jonas Braasch
13020,Brown Bird
8375,Gosprom
13141,Duellen
12814,The Peach Tree
12085,Alaclair Ensemble
13173,Yva Las Vegass
13177,Happy Six
9031,The Plastic Jazz Orchestra
10066,Medo's Little Trap
10760,Strange Forces
13306,Yoni Kretzmer 2Bass Quartet
13190,Daniel Bachman
13316,Carsie Blanton
11656,Yoni Kretzmer
13318,Ehran Elisha and Roy Campbell
13337,speedy ortiz
13342,mojo monkeys
13348,Nude Beach
9427,Fuji Kureta
13017,Mutilation Rites
13388,The Baseball Project
13400,Chain & The Gang
5334,Lushlife
12779,Beme Seed
13415,Literature
13425,Marisa Anderson
13428,Disappears
11363,The Hussy
13446,Paint Fumes
13449,The Swing Ninjas
13451,Bergitta Victor
13515,Locust
13328,Emma Acs
9126,Cuddle Magic
13530,Yusuke Tsutsumi
13550,Jamie Evans
13577,Night Birds
13589,The Sand Pebbles
13729,Super Galactic Expansive
13730,Chill Carrier
13732,The Black Atlantic
13736,Peter Rudenko
13738,The Enthusiasts
13749,REDEEM
13751,You Me Tree
13753,Fast Freddie Fourier and the Transforms
13752,Fit and the Conniptions
13768,Blackbird Blackbird
13769,Ava Luna
13833,Cleaners From Venus
13890,The Suzan
13892,King Tuff
5071,Suishou no Fune
13908,The Indecent
13920,Jack Skuller
13930,Karina Buhr
13937,A Banda de Joseph Tourton
13938,Lucas Santtana
13977,WHO'S PANDA
14014,Ant Neely
14048,Dyman
14085,Origamibiro
14088,The Loom
576,Clare and The Reasons
14092,Jonah Parzen-Johnson
10479,Chris Forsyth
14159,Potty Mouth
14163,The  Easton Ellises
11579,The Easton Ellises
14168,Michael Chapman & The Woodpiles
14221,Dark Ages
14296,Evils That Never Came
14324,John Paul Keith and The One Four Fives
14343,White Wires
14344,Bee and Flower
13910,Supercute
14462,1-800-Band
14501,Wyldlife
14545,Oferta Especial
14555,Black Bones
14556,Oprachina
14563,Nuclear Santa Claust
14564,The Brought Low
15504,ui
15503,MattyBoJangles
15501,Subway Sonicbeat
15500,egr
15498,Din Sky
15496,Quelle Fromage
15497,XC3N
15307,BLEO
15494,Pulselooper
14636,Gap Dream
1511,Life In A Blender
11346,David Rovics
14668,Quest Poetics
14715,Sergi Boal
14728,Karl Hendricks Trio
14740,Howie Mitchell & Ruth Meyer
13981,Ex Cops
14951,Moore & Sons
14954,The Strangers
15027,Silence Is Sexy
15090,Starred
15092,The Letter Yellow
15151,Finding Fiction
15213,Let Fall The Sparrow
15219,Kognitif
15235,Tamaryn
15242,SOB Pariassound
15249,Aching Beauty
15250,Molecul
9686,Gluid
15289,The Monitors
15433,Misay Day
11979,K. Sparks
15440,the tunnel
15525,Inom
15485,Plumerai
15560,Parquet Courts
15567,Ex-Cult
15579,GameFace
9224,The Custodian of Records
14661,trollhead
15781,The Relatives
15803,Fried Moura
15906,E. R. Goodman
7168,Podington Bear
14423,dUASsEMIcOLCHEIASiNVERTIDAS
16026,Pavel Tukki
16027,Pete Lund
16031,The Impossebulls
16067,Mice Parade
16069,Plates Of Cake
16167,Keaton Henson
16210,Brandon Ross
14422,dUAS sEMIcOLCHEIAS iNVERTIDAS
16287,Gun Outfit
1057,Mudhoney
16364,Huge Face
16337,The Rice Cakes
677,Dropdead
5869,The 'Mericans
16375,Math the Band
12932,Mr. Bitterness And The Guilty Pleasures
16470,Orange Peels
16472,Chuck Johnson
16504,Career Suicide
1123,Pete Galub
16526,Star Rover
16527,Seaven Teares
16538,Houston Person
16544,Say Uncle
16593,The Laurels
16595,Bliss Blood & Al Street
16631,Bonjay
16624,Singvøgel
16622,Von Korf
16658,Big Eyes
16692,Eric & Magill
16714,The Moto-Gators
16731,Rabbit Rabbit
16732,Sally Seltmann
4202,Nisi Period
16755,Born Loose
5264,Glenn Jones
16762,Glenn Jones and Laura Baird
16853,Wimps
16534,Aktivehate
16876,John Wort Hannam
16894,Not The 1s
16994,Aussitôt Mort
17016,Suspicious Beasts
17017,BCBG
17042,Loopez
17052,Bleeding Rainbow
17073,Weerthof
17076,Carroll
17078,Spinefish
10979,Zachary Cale
17145,The Spectacular Fantastic
17229,The Party Faithful
17282,Chastity Belt
17341,The Chapin Sisters
6240,Remus
17419,Urbantramper
17423,Ancient Lasers
17311,Jaw Horse
17321,Mal Thursday and the Cheetahs
17397,The Bonnevilles
17326,The Rockin' Guys
2283,Suicidal Rap Orgy
17617,Angel Alanis
17696,[meta:Human]
17704,Protomartyr
17760,Trabajo
17779,The Color and Sound
17813,Honnda
17856,Noir
1517,Gary Lucas
17872,Jeffrey Lewis and the Rain
15590,Dot Wiggin Band
14348,Sci Fi Industries
17892,Gilo
17907,Ezylohm_tek
6494,Loretta Kelley
17965,Nick Otheen
15195,Swear and Shake
17784,KINGS OF THE CITY
17777,Ain't No Love
17982,Aenedra
17999,The Polish Ambassador
16183,Distemper
18017,saQi
18063,eden
13450,LOWdown
18138,Rob Rob Rob
18155,Blanket Music
18166,Speed The Plough
18170,Slowdance
18178,[creeper:Robusto]
18246,Ayla Nereo
18286,Novi Split
18248,Boogarins
18388,Overlake
11407,Kristeen Young
15145,Talk Less Say More
18484,Live Fast Die
18573,Sam Moss
18596,Priests
18598,Dead Leaf Echo
18653,Beta Dog
18655,Beta Dog杯
18687,Walt Thisney
1257,Beth Sorrentino
18766,CRTVTR
18767,Vienna Ditto
18772,The United Sons of Toil
18774,Schematics for Gravity
18799,Lucky Criminal
18814,Town Hall
18823,Viva Belgrado
18837,Jazzafari
16025,Celebration
18871,Jasmine Golan
18873,Miracles of Modern Science
18876,Alex Mason
18947,The Mystery Artist
18980,Helado Negro
9424,Uncle Woody Sullender and Seamus Cater
16192,Pk jazz Collective
18988,Vicky and The Vengents
17721,Steinregen Dubsystem
17080,intouch
19025,Projekt Klangform
19069,The Money Shot
19091,High Times
19107,Ultimate Painting
19110,Citizen Blast Kane
19115,Antethic
19122,Be Forest
19128,Cletus Got Shot
19169,Nots
18836,Ought
19172,Ex Hex
19174,Soko
19198,Camden
19271,Avaren
16852,Kai Engel
17575,Chtin Mara
19409,75 Dollar Bill
19436,Fixtures
19470,Fallen to Flux
19475,Tentacles
19484,Marco Mestichella
19557,Zulal
6416,Romashka
19453,Little Glass Men
19626,505
19674,The Mind Orchestra
19691,Zoliborz
16670,Mikroben Krieg
19810,Montana Skies
7410,Andrew Howes
13255,Dexter Britain
11575,Wurlitztraction
19838,Björn Ganzer
19840,The New Lines
19882,Novelty Citizen
19887,Deadlines
19892,La Inédita
19909,Connections
14741,fast idio
19168,Allister Thompson
20059,Marrach with H. Stewart
20084,The Golden Dawn
20108,Josh Spacek
20112,Igor Khabarov
16763,Coconut Monkeyrocket
1883,Vegaenduro
20203,Hope For Agoldensummer
20207,Kris Roche
20286,Gianluca Sgalambro
20289,Guerra de Cerdos
14795,King Capisce
20324,Cold Beat
20325,Kurt Baker
20394,Bremer
20395,Clubfratsen
20396,The Welvins
20397,Rude Gullit
20398,Cloack
20400,Hanami
17912,HAZE
20401,Stefano
12888,SonurBer
20480,Sewers
20510,Joesph C Smith's Orchestra
20518,Monk Parker
20521,A Ninja Slob Drew Me
10374,U.S. Marine Band
20532,Prince's Band
20530,Lieut. Jim Europe's 369th U.S. Infantry Hell Fighters Band
20552,King Oliver's Creole Jazz Band
20553,Bessie Smith
20559,Mary Stafford and her Jazz Band
19102,Anima
20594,J Burn
20640,Friars Society Orchestra
20641,Memphis Five
20642,Great White Way Orchestra
20653,Dropout Patrol
20663,The First Class
20667,Gene Rodemich's Orchestra
20675,David Amber
20688,Zebra
20693,E A Terra Nunca Me Pareceu Tão Distante
20703,Tempers
20696,Dazie Mae
20722,Charlie Mosbrook
20717,Mekons
19692,Jelsonic
20733,Bloodgod
20765,Lanin's Southern Serenaders
20789,Monolog
20811,Indikings
20790,Leisure-B
20813,B-Film
20818,BASIC
